DOC_ID,HOSP_ID
0,49
1,16
2,129
3,0
4,44
5,17
6,38
7,3
8,31
8,51
9,31
10,31
11,31
12,28
12,86
13,31
14,76
15,75
16,51
17,1
18,55
19,58
20,36
21,3
22,75
23,63
24,125
25,6
26,3
27,8
28,46
29,34
29,43
30,0
31,1
32,17
33,21
34,55
35,107
36,54
37,9
38,2
39,12
40,49
41,30
42,11
43,68
44,0
45,0
46,28
46,18
47,30
48,17
49,9
50,5
51,18
52,129
53,129
54,76
55,17
56,49
57,7
58,90
59,12
60,31
61,8
62,72
63,7
64,49
65,8
66,1
67,13
68,40
69,2
70,2
71,40
72,42
73,27
73,10
74,8
75,13
76,7
77,4
78,14
79,48
80,8
81,8
82,14
83,68
84,2
85,94
86,4
87,2
88,2
89,2
90,8
91,28
92,34
93,1
94,6
95,20
96,1
97,2
98,4
99,43
100,41
101,2
102,20
103,26
104,13
105,17
106,37
107,43
108,80
109,75
110,10
111,48
112,10
113,10
114,5
115,8
116,6
117,8
118,66
119,37
120,8
121,12
122,17
122,85
122,3
123,109
124,16
125,64
126,9
127,122
128,17
129,7
130,58
131,7
132,129
132,4
133,12
134,60
135,17
136,16
137,0
138,40
139,53
140,73
141,13
142,62
142,13
143,1
144,13
145,1
146,57
147,82
147,62
148,58
149,58
150,19
151,1
152,26
153,19
154,9
155,13
156,63
157,29
158,33
159,57
160,14
161,107
162,4
163,25
164,12
165,125
166,12
167,17
168,0
169,0
170,12
171,88
172,22
173,9
173,17
174,107
175,6
176,29
177,49
178,62
179,72
180,100
180,4
181,6
182,125
183,1
184,26
185,12
186,109
187,47
188,50
189,41
190,17
191,15
192,57
193,19
194,1
195,22
196,16
197,91
198,86
199,46
200,66
201,110
202,8
203,49
203,138
204,29
205,55
205,1
206,6
207,11
208,0
209,16
210,7
211,52
212,91
212,11
213,29
214,2
215,29
216,28
217,38
218,26
219,70
220,57
221,57
222,38
222,18
223,77
224,16
225,102
226,8
227,67
228,1
229,18
230,3
230,26
231,56
232,0
232,11
232,20
232,1
233,50
234,26
235,0
236,70
236,51
237,0
238,52
239,72
240,45
240,53
240,85
241,0
242,0
243,9
244,17
245,1
246,3
246,33
247,33
247,13
247,57
248,52
249,88
250,96
251,7
252,5
253,3
254,25
255,1
256,53
257,11
258,114
259,4
260,11
261,36
262,37
263,54
264,37
265,65
266,1
267,79
267,2
268,21
268,1
269,32
270,53
271,11
272,31
273,33
274,9
275,138
276,1
277,62
278,138
279,97
280,10
281,10
282,45
282,7
283,7
284,7
285,55
285,17
286,5
287,1
288,17
288,28
289,16
289,9
290,16
291,26
292,7
292,15
293,48
294,0
295,1
296,20
296,40
296,11
297,17
298,32
299,5
300,14
301,38
302,18
303,66
304,4
305,0
306,9
307,11
308,15
308,9
308,7
309,64
310,95
311,1
311,11
312,0
313,1
313,20
313,11
314,1
315,106
316,78
317,130
318,12
319,33
320,18
321,12
322,97
323,0
324,17
325,128
326,108
327,55
328,9
329,19
330,0
331,0
332,132
333,2
333,9
334,3
334,85
335,9
336,9
337,2
338,2
339,17
340,7
341,15
342,13
343,17
343,31
344,17
345,19
346,3
347,16
347,21
347,35
348,28
349,21
350,3
351,18
352,16
353,0
354,22
354,88
355,22
356,12
357,16
358,0
359,53
360,90
360,1
361,66
362,16
363,20
364,16
365,15
365,53
366,58
367,18
368,86
369,31
370,6
371,79
372,52
373,96
374,22
375,22
376,26
377,1
378,26
379,125
380,11
381,2
382,21
383,88
384,18
385,55
386,55
387,1
388,5
389,134
390,3
391,137
392,12
393,5
394,13
395,22
396,3
397,2
397,19
398,29
399,58
400,26
401,19
402,0
403,2
404,20
405,3
405,51
406,66
407,6
408,6
409,112
410,50
411,27
412,27
413,62
414,15
415,19
416,7
417,15
418,18
419,90
420,4
421,85
422,63
423,58
424,44
425,5
426,18
426,28
427,27
428,3
429,20
430,95
431,17
432,6
433,5
434,31
435,106
436,2
437,6
438,29
439,2
440,9
441,127
441,118
442,63
443,25
444,5
444,4
445,105
446,1
447,28
448,1
449,0
450,129
451,105
452,4
453,4
454,41
455,27
456,100
457,6
458,44
459,34
459,84
459,65
460,10
461,1
462,76
463,18
464,6
465,32
466,88
467,9
468,0
469,95
470,125
471,54
472,5
472,12
473,20
474,1
475,1
476,78
477,16
478,17
479,4
480,11
480,20
481,9
482,19
483,75
484,109
484,28
484,2
485,81
486,8
487,54
488,124
489,17
489,21
490,0
491,11
492,50
493,94
494,12
495,77
495,17
496,68
497,20
498,8
499,35
499,21
500,3
501,16
502,71
503,13
504,6
505,0
506,7
507,1
507,2
508,64
509,110
510,35
511,7
512,104
512,130
512,89
513,35
514,16
515,33
516,35
517,52
518,36
519,17
520,18
521,32
522,90
523,26
524,21
525,1
526,29
527,70
527,9
528,7
529,5
530,71
531,22
532,3
533,9
534,17
535,1
536,0
537,9
538,17
539,55
540,106
541,20
542,1
543,116
544,37
545,10
546,74
547,6
548,120
549,0
550,17
550,19
551,20
552,1
553,26
554,134
555,107
556,7
557,104
558,103
559,4
560,7
561,17
562,85
563,46
564,128
565,16
566,111
566,17
567,18
568,50
569,6
570,118
571,12
572,53
573,45
574,16
575,57
576,11
577,3
578,3
579,20
579,1
579,11
580,11
581,9
582,104
583,26
583,38
584,22
585,63
586,30
587,20
588,4
589,22
590,11
591,15
592,21
593,9
594,0
595,35
596,40
597,0
597,40
598,21
599,2
600,20
600,11
601,35
602,107
603,76
604,56
605,129
606,129
607,10
608,70
609,17
610,130
611,17
612,90
613,0
614,14
615,77
616,16
617,121
618,1
619,11
620,22
621,13
622,28
623,3
623,7
624,0
625,16
626,29
626,13
627,0
628,1
629,1
630,0
631,89
632,80
633,9
634,18
635,4
636,1
637,13
638,50
639,0
640,21
641,0
642,1
643,8
644,5
645,3
646,22
647,6
648,31
649,135
650,28
651,0
652,1
653,89
654,0
655,97
656,11
657,86
658,1
659,89
660,55
661,130
662,95
663,12
664,96
665,9
665,17
666,32
667,1
668,91
669,95
670,21
671,38
672,111
673,1
674,32
675,43
676,34
677,95
678,36
679,95
680,17
681,117
682,9
683,19
684,19
685,0
686,7
687,86
688,31
689,29
689,52
690,106
691,38
692,97
693,21
694,20
695,3
696,32
697,108
698,32
699,115
700,124
701,45
702,36
703,115
704,107
705,1
706,21
707,17
708,6
709,67
710,1
711,4
712,17
713,5
714,7
715,0
716,4
717,65
718,4
719,62
720,9
721,17
721,19
722,17
723,7
724,25
725,3
726,89
727,4
728,104
729,55
730,18
731,42
732,4
733,25
734,68
735,4
736,55
737,41
738,6
739,120
740,4
741,0
742,9
743,0
744,4
745,10
746,44
747,3
747,5
747,45
748,16
749,0
750,111
751,78
752,25
753,77
754,12
755,36
756,74
757,12
758,18
759,4
759,129
760,10
761,48
762,32
763,36
764,12
765,0
766,21
767,73
768,1
769,36
770,17
771,2
771,13
772,0
772,17
772,26
773,122
774,66
775,1
776,21
777,97
778,103
779,45
780,4
780,100
781,91
782,20
783,22
784,2
785,14
786,0
787,110
788,0
789,76
790,32
791,2
792,21
793,0
794,6
795,0
796,86
796,35
796,55
796,38
797,1
797,17
798,28
798,80
799,54
800,75
800,0
801,15
802,2
803,17
804,11
805,1
806,38
807,54
808,18
809,7
809,2
810,96
811,54
812,17
813,1
814,54
815,6
816,13
817,2
818,72
819,17
820,18
821,21
821,2
822,17
823,38
824,5
825,40
826,17
826,1
827,42
828,11
829,139
830,136
831,17
832,52
833,17
834,31
835,17
836,11
837,96
838,21
839,83
839,30
840,89
841,38
842,38
843,138
844,17
844,40
844,18
845,20
845,11
845,78
846,28
847,57
848,16
849,1
850,29
851,38
852,29
853,88
854,36
855,0
856,104
857,2
858,58
859,0
860,28
860,18
860,11
860,111
860,21
861,52
862,94
863,47
864,16
865,97
866,103
867,41
868,131
869,33
870,1
871,1
872,128
873,1
874,92
875,17
876,32
877,0
878,0
879,7
880,109
881,25
882,5
883,9
884,9
885,2
886,5
887,14
888,17
889,10
890,11
891,12
892,22
893,32
894,117
895,16
896,70
896,2
896,31
896,3
897,26
897,28
898,17
899,0
900,11
901,0
902,111
903,22
904,104
905,29
906,16
907,115
908,21
909,51
910,29
911,88
912,2
913,107
914,32
915,12
916,9
917,9
918,11
919,14
920,132
921,22
922,36
923,32
924,16
925,21
926,136
927,22
928,107
929,129
930,10
931,4
932,40
933,27
934,0
935,42
936,40
937,32
938,65
939,0
940,43
941,3
942,102
943,102
944,17
944,73
945,46
946,42
947,49
948,15
949,6
950,4
951,108
952,14
953,116
954,99
955,42
956,132
957,7
958,6
959,116
960,42
961,112
962,60
963,16
964,8
965,2
966,32
967,87
968,14
969,116
970,44
971,27
972,14
973,104
974,8
975,5
976,14
977,59
978,13
979,4
980,128
981,135
982,108
983,87
984,83
985,2
986,79
987,0
988,26
989,26
990,50
991,8
992,2
993,89
994,2
995,4
996,2
997,43
998,30
999,14
1000,44
1000,47
1001,6
1002,46
1003,6
1004,13
1005,51
1006,10
1007,30
1008,135
1009,87
1010,87
1011,14
1012,22
1013,30
1014,4
1015,42
1016,4
1017,50
1018,67
1019,3
1020,15
1021,5
1022,109
1023,38
1024,46
1025,95
1026,105
1027,138
1028,4
1029,44
1030,5
1031,4
1031,129
1032,19
1033,129
1034,72
1035,27
1036,36
1037,34
1038,84
1039,34
1040,50
1041,112
1042,25
1043,13
1044,136
1045,13
1046,79
1047,3
1048,15
1049,5
1050,68
1051,50
1052,84
1053,15
1054,15
1055,53
1056,16
1057,10
1058,126
1059,41
1060,44
1061,106
1062,36
1063,2
1064,48
1065,6
1066,14
1067,9
1068,7
1069,14
1070,3
1071,3
1072,53
1073,21
1074,88
1075,0
1076,9
1077,27
1078,43
1079,3
1080,15
1081,6
1082,17
1083,42
1084,64
1085,58
1086,130
1087,31
1087,51
1088,114
1089,36
1090,3
1091,48
1092,26
1093,42
1094,1
1095,122
1096,1
1097,96
1098,51
1098,2
1099,111
1100,57
1101,25
1102,3
1103,111
1104,7
1104,85
1105,12
1106,124
1107,6
1108,10
1109,4
1110,57
1111,19
1112,13
1113,17
1114,68
1115,76
1116,82
1117,41
1118,60
1119,4
1120,6
1121,32
1122,37
1123,15
1124,15
1125,8
1126,53
1127,12
1128,14
1129,7
1129,9
1130,17
1131,70
1132,31
1132,51
1133,12
1134,15
1135,2
1135,3
1136,38
1137,12
1138,17
1139,22
1140,0
1141,112
1142,0
1143,13
1144,13
1145,68
1146,14
1147,6
1147,44
1148,3
1148,85
1149,16
1150,89
1151,17
1151,9
1152,19
1153,86
1154,6
1155,45
1156,115
1157,17
1158,0
1159,7
1160,3
1161,3
1162,76
1163,45
1164,62
1165,51
1166,54
1167,14
1168,1
1169,107
1170,32
1170,134
1171,71
1172,12
1173,32
1174,129
1175,134
1176,1
1177,27
1178,1
1179,0
1180,17
1181,17
1182,4
1183,21
1184,94
1185,0
1186,126
1187,70
1187,7
1188,18
1189,94
1190,5
1191,9
1192,27
1193,5
1194,32
1195,15
1196,43
1197,43
1198,9
1199,46
1200,66
1201,4
1202,7
1202,31
1203,1
1204,117
1205,49
1206,0
1207,0
1208,10
1209,46
1210,34
1211,5
1212,8
1213,4
1214,27
1215,43
1216,14
1217,13
1218,4
1219,14
1220,8
1221,13
1222,22
1223,9
1224,50
1225,34
1226,14
1227,4
1228,8
1229,2
1230,106
1231,2
1232,108
1233,10
1234,10
1235,10
1236,5
1237,14
1238,42
1239,30
1240,8
1241,0
1242,44
1243,6
1244,10
1244,65
1245,14
1246,42
1247,7
1248,53
1249,83
1250,8
1251,26
1252,42
1253,12
1254,109
1255,2
1256,22
1257,46
1258,16
1259,65
1260,0
1261,109
1262,60
1263,136
1264,4
1265,33
1266,33
1267,105
1268,1
1269,60
1270,55
1271,13
1272,14
1273,17
1274,44
1275,41
1276,129
1277,129
1277,10
1278,100
1279,5
1280,50
1280,132
1281,37
1281,131
1282,73
1283,40
1283,33
1284,9
1285,15
1286,26
1287,15
1288,112
1289,1
1290,19
1291,54
1292,62
1293,62
1294,17
1295,129
1296,2
1297,41
1298,57
1299,36
1300,3
1300,19
1301,112
1302,37
1303,4
1304,3
1304,15
1305,5
1306,3
1306,45
1307,15
1308,4
1309,6
1310,50
1311,129
1312,15
1313,37
1314,25
1315,121
1316,4
1317,1
1318,0
1319,132
1320,3
1321,85
1322,15
1323,137
1324,2
1325,118
1326,9
1327,18
1328,97
1329,7
1330,43
1331,108
1332,5
1333,79
1334,0
1335,2
1336,129
1337,92
1338,8
1339,67
1340,14
1341,14
1342,87
1343,19
1344,68
1344,114
1345,48
1346,9
1347,6
1348,64
1349,49
1350,14
1351,2
1352,43
1353,9
1354,13
1355,26
1356,78
1357,4
1357,43
1358,119
1359,116
1360,2
1361,7
1362,2
1363,4
1364,8
1365,33
1366,8
1367,10
1368,32
1369,86
1370,5
1371,15
1372,12
1373,22
1374,17
1375,46
1376,103
1377,58
1378,16
1379,10
1380,28
1381,7
1382,32
1383,1
1384,134
1385,0
1386,115
1387,36
1388,32
1389,129
1390,9
1390,7
1391,54
1392,16
1393,139
1394,10
1395,41
1396,66
1397,25
1398,79
1399,4
1400,19
1401,22
1402,109
1402,1
1403,66
1404,6
1404,18
1405,11
1406,20
1406,111
1406,40
1407,15
1408,111
1409,50
1410,34
1411,81
1412,26
1413,88
1414,37
1415,96
1416,17
1417,106
1418,65
1419,36
1420,17
1421,6
1422,1
1423,63
1424,7
1425,29
1426,21
1427,19
1428,28
1429,130
1430,27
1431,30
1432,0
1433,55
1434,30
1435,121
1436,38
1437,126
1438,16
1439,25
1440,20
1440,11
1441,17
1442,17
1442,9
1443,46
1444,100
1445,128
1446,104
1447,37
1448,62
1448,26
1449,3
1450,50
1451,15
1452,15
1453,15
1454,17
1455,10
1456,112
1457,6
1458,71
1459,35
1460,11
1461,25
1462,6
1463,85
1464,34
1465,0
1466,7
1466,9
1467,129
1468,17
1469,29
1470,55
1471,12
1472,17
1473,16
1474,33
1475,123
1476,130
1476,18
1477,25
1478,86
1479,70
1480,15
1480,3
1480,7
1481,64
1482,6
1483,89
1484,63
1485,67
1486,80
1487,71
1488,0
1489,0
1490,55
1491,17
1492,49
1493,51
1494,0
1495,49
1496,32
1497,32
1498,7
1499,2
1500,90
1501,1
1501,64
1502,7
1503,17
1504,7
1505,19
1506,35
1507,26
1508,19
1509,91
1509,125
1510,48
1511,7
1512,80
1513,7
1514,94
1515,106
1516,54
1517,103
1518,6
1519,28
1520,25
1521,16
1522,0
1523,1
1524,50
1525,79
1526,34
1527,11
1528,22
1529,6
1530,11
1531,27
1532,1
1533,19
1534,60
1535,78
1535,26
1536,54
1537,1
1537,26
1538,28
1539,19
1540,36
1541,32
1542,22
1543,54
1544,82
1545,27
1546,37
1547,1
1548,49
1549,9
1549,85
1549,3
1550,95
1551,71
1552,11
1553,8
1554,19
1555,29
1555,82
1556,4
1557,11
1558,103
1559,8
1560,8
1561,8
1562,49
1562,139
1563,5
1564,13
1565,4
1566,5
1567,1
1568,70
1569,94
1570,26
1571,2
1572,12
1573,25
1574,12
1575,8
1576,46
1577,68
1577,8
1578,30
1579,8
1580,30
1581,83
1582,2
1583,83
1584,30
1585,5
1586,100
1586,4
1587,72
1588,18
1589,4
1590,22
1591,132
1591,37
1592,76
1593,10
1594,10
1595,53
1596,2
1597,13
1598,27
1599,15
1600,37
1601,14
1602,25
1603,22
1604,2
1605,45
1606,7
1607,3
1608,53
1609,110
1610,7
1611,60
1612,7
1613,60
1614,15
1615,36
1616,92
1617,17
1618,67
1619,31
1620,34
1621,34
1622,18
1623,46
1624,76
1625,42
1626,44
1627,18
1628,28
1629,65
1630,127
1630,118
1631,102
1632,102
1633,49
1634,14
1635,121
1636,17
1637,13
1638,49
1639,44
1640,87
1641,27
1642,4
1643,13
1644,84
1644,25
1644,34
1645,9
1646,14
1647,27
1648,27
1649,120
1650,120
1651,8
1652,13
1653,8
1654,14
1655,30
1656,68
1656,14
1657,8
1658,64
1659,8
1660,14
1661,14
1662,2
1663,78
1664,10
1665,105
1665,47
1666,42
1667,10
1668,94
1669,8
1670,14
1671,120
1672,37
1673,10
1674,30
1675,10
1676,10
1677,37
1678,30
1679,73
1680,46
1681,99
1682,10
1683,6
1684,3
1685,1
1686,9
1687,1
1688,0
1689,76
1690,8
1690,60
1691,85
1692,4
1693,4
1694,25
1695,25
1696,13
1697,10
1698,4
1699,14
1700,4
1701,21
1702,9
1703,2
1704,31
1705,5
1706,42
1707,6
1708,8
1709,48
1710,14
1711,21
1712,11
1713,103
1714,123
1715,116
1716,7
1717,89
1718,86
1719,45
1720,51
1721,11
1722,1
1723,22
1724,11
1725,38
1726,76
1727,3
1728,16
1729,7
1729,45
1730,21
1731,7
1732,11
1733,20
1733,1
1734,17
1734,85
1735,17
1736,4
1737,112
1738,114
1739,17
1740,36
1741,0
1742,36
1743,2
1744,63
1745,8
1746,119
1747,121
1748,4
1749,6
1750,28
1751,4
1752,10
1753,10
1754,80
1755,3
1756,80
1757,25
1758,33
1759,30
1760,17
1761,17
1762,101
1763,36
1764,4
1765,2
1766,29
1767,4
1768,19
1769,2
1770,112
1771,101
1772,41
1773,17
1774,60
1774,83
1775,50
1776,105
1777,6
1778,29
1779,56
1780,15
1781,3
1781,7
1782,9
1783,5
1784,8
1785,3
1786,18
1787,4
1787,100
1788,4
1789,25
1790,28
1791,44
1792,94
1793,2
1794,4
1795,83
1796,64
1797,42
1798,46
1799,1
1800,6
1801,44
1802,36
1803,1
1804,127
1804,118
1805,27
1806,34
1807,25
1808,10
1808,49
1809,101
1810,41
1811,22
1812,8
1813,102
1814,20
1815,76
1816,5
1817,1
1818,21
1819,121
1820,26
1821,42
1822,12
1823,47
1824,25
1825,6
1826,36
1827,44
1828,50
1829,124
1830,20
1831,21
1832,18
1833,1
1834,14
1835,18
1836,102
1837,1
1838,87
1839,6
1840,55
1841,10
1842,0
1843,2
1844,105
1845,1
1846,2
1847,16
1848,7
1848,15
1849,25
1850,7
1851,85
1852,119
1853,17
1854,0
1855,10
1856,62
1857,2
1857,9
1857,7
1857,3
1857,45
1858,31
1859,9
1860,17
1861,18
1862,4
1862,5
1862,60
1863,119
1864,49
1865,19
1866,4
1867,33
1868,48
1869,119
1870,17
1871,83
1872,100
1873,4
1874,8
1875,17
1876,95
1877,70
1878,17
1878,21
1879,4
1880,21
1881,28
1881,40
1882,74
1883,6
1884,84
1885,81
1886,34
1887,1
1888,18
1889,66
1890,16
1891,19
1892,80
1893,18
1894,94
1895,8
1896,21
1897,2
1898,55
1898,11
1899,47
1900,0
1901,47
1902,51
1903,3
1904,70
1904,3
1904,45
1905,29
1906,2
1907,54
1908,18
1909,26
1910,7
1911,7
1912,17
1913,49
1914,51
1915,3
1915,45
1916,7
1917,71
1918,9
1919,51
1919,9
1920,71
1921,6
1922,80
1923,96
1924,17
1925,7
1926,2
1927,62
1928,3
1929,13
1930,13
1931,36
1932,14
1933,17
1934,5
1935,101
1936,9
1937,9
1938,11
1939,2
1940,19
1941,17
1942,19
1943,119
1944,135
1945,6
1946,117
1947,1
1948,57
1949,103
1950,2
1951,50
1952,3
1953,9
1954,1
1955,9
1956,117
1957,22
1958,45
1959,50
1960,75
1961,7
1962,15
1962,53
1963,50
1964,13
1965,7
1966,4
1967,7
1968,7
1969,22
1970,0
1971,5
1972,8
1973,8
1974,0
1975,0
1976,4
1977,6
1978,15
1979,0
1980,4
1981,122
1982,11
1983,2
1984,34
1985,36
1986,5
1987,78
1988,88
1989,0
1990,32
1991,50
1992,28
1993,76
1994,5
1995,10
1996,0
1997,16
1998,33
1999,17
2000,10
2001,3
2002,7
2003,49
2004,0
2005,94
2006,0
2007,5
2008,105
2009,5
2010,18
2011,49
2012,25
2013,34
2014,34
2015,46
2016,7
2017,4
2018,8
2019,81
2020,7
2021,8
2021,94
2022,0
2023,57
2024,22
2025,30
2026,2
2027,75
2028,30
2029,16
2030,17
2031,1
2032,77
2033,2
2034,48
2035,13
2036,13
2037,10
2038,10
2039,10
2040,8
2041,10
2042,72
2043,22
2044,2
2045,7
2046,17
2046,13
2047,4
2048,6
2049,42
2050,5
2051,105
2052,48
2053,16
2054,71
2055,9
2056,63
2057,28
2058,125
2059,51
2060,51
2061,135
2062,31
2063,78
2064,53
2065,72
2066,111
2067,48
2068,15
2069,99
2070,63
2071,79
2072,129
2072,27
2073,62
2074,10
2075,4
2076,3
2077,15
2078,3
2079,17
2080,8
2081,82
2082,16
2083,16
2084,28
2085,16
2085,18
2086,5
2087,28
2088,15
2089,5
2090,0
2091,5
2092,51
2092,7
2092,9
2093,28
2094,3
2095,18
2096,66
2097,7
2098,26
2099,60
2100,55
2101,1
2102,22
2103,105
2104,4
2105,17
2106,65
2107,71
2108,18
2109,63
2110,3
2111,36
2111,41
2112,72
2113,25
2114,25
2115,81
2116,5
2117,6
2118,4
2119,65
2120,4
2120,129
2121,129
2122,99
2123,17
2124,29
2125,85
2126,29
2127,31
2128,127
2129,9
2130,21
2131,17
2132,70
2133,19
2134,49
2135,15
2136,17
2137,10
2138,27
2139,15
2140,34
2141,19
2142,29
2143,5
2144,6
2145,4
2146,25
2147,76
2148,22
2149,35
2150,10
2151,129
2152,34
2153,4
2154,17
2155,10
2156,62
2157,41
2158,129
2159,68
2160,3
2161,25
2162,107
2163,17
2164,14
2165,17
2165,21
2166,33
2167,33
2168,15
2169,3
2170,25
2171,37
2172,9
2172,19
2173,5
2174,36
2175,36
2176,53
2177,46
2178,4
2179,29
2180,70
2181,139
2182,8
2183,9
2184,92
2185,4
2186,26
2187,78
2188,25
2189,49
2190,18
2191,4
2192,8
2192,83
2193,139
2194,65
2195,129
2195,4
2196,68
2197,6
2198,6
2199,42
2200,25
2201,6
2202,114
2203,12
2204,4
2205,8
2206,80
2207,87
2208,27
2209,60
2210,71
2211,112
2212,25
2213,49
2214,49
2215,19
2216,46
2217,5
2218,42
2219,25
2219,36
2220,108
2221,97
2222,99
2223,27
2224,99
2225,67
2226,3
2227,2
2228,12
2229,86
2230,62
2231,8
2232,4
2233,112
2234,13
2235,14
2236,14
2236,8
2237,68
2238,25
2239,54
2240,20
2240,11
2241,6
2242,4
2243,8
2244,8
2245,65
2246,121
2247,87
2248,2
2249,10
2250,20
2250,78
2251,89
2252,0
2253,28
2254,2
2255,10
2256,2
2257,5
2258,26
2259,7
2260,26
2261,26
2262,11
2263,22
2263,1
2264,110
2265,43
2266,0
2267,25
2268,108
2269,104
2270,72
2271,5
2272,90
2273,17
2274,44
2275,16
2276,30
2277,5
2278,25
2279,10
2280,120
2281,25
2282,25
2283,18
2284,9
2285,75
2286,72
2287,60
2288,12
2289,10
2290,116
2291,8
2292,8
2293,8
2294,99
2295,25
2296,25
2297,62
2298,17
2299,1
2300,57
2301,3
2302,6
2303,72
2304,4
2305,5
2306,15
2307,14
2308,14
2309,17
2310,48
2311,18
2312,4
2313,7
2314,3
2315,3
2316,53
2317,3
2318,3
2319,8
2320,68
2321,44
2322,11
2323,17
2323,66
2324,1
2325,11
2326,83
2327,108
2328,1
2329,134
2330,84
2331,10
2332,9
2332,19
2333,94
2334,94
2335,30
2336,17
2337,19
2338,30
2339,0
2340,3
2341,20
2342,7
2342,9
2343,100
2344,0
2345,26
2346,107
2347,17
2348,16
2349,42
2350,14
2351,7
2352,0
2353,104
2354,19
2355,11
2355,20
2356,27
2357,4
2358,47
2359,129
2360,139
2361,4
2362,112
2363,124
2364,3
2365,55
2366,15
2367,7
2368,20
2369,1
2370,1
2371,88
2372,77
2373,31
2374,82
2375,2
2376,40
2377,14
2378,111
2378,18
2378,11
2378,20
2379,15
2380,91
2381,63
2382,15
2383,26
2384,2
2385,43
2386,6
2387,5
2388,6
2389,7
2390,17
2391,95
2392,34
2393,34
2394,48
2395,14
2396,3
2396,2
2397,21
2398,36
2399,34
2399,129
2400,17
2401,17
2402,21
2403,134
2404,65
2405,32
2406,5
2407,115
2408,13
2409,19
2409,9
2410,52
2411,28
2412,19
2413,19
2414,91
2415,1
2416,8
2417,5
2418,12
2419,5
2420,7
2420,15
2421,15
2422,3
2423,10
2424,10
2425,42
2426,16
2427,2
2428,15
2429,56
2430,25
2431,5
2432,44
2433,7
2434,7
2434,3
2435,57
2436,62
2436,82
2437,103
2438,3
2439,1
2440,32
2441,85
2442,33
2443,12
2444,15
2445,109
2446,3
2447,2
2448,2
2449,80
2450,75
2451,41
2452,57
2453,90
2454,30
2455,25
2456,80
2457,7
2458,21
2459,46
2460,25
2461,71
2462,94
2463,76
2464,10
2465,2
2465,7
2466,21
2467,47
2468,11
2469,91
2470,6
2471,50
2472,19
2473,17
2474,15
2475,20
2476,22
2477,5
2478,47
2479,5
2480,8
2481,47
2482,32
2483,4
2484,8
2485,102
2486,2
2487,31
2488,6
2489,4
2490,86
2491,75
2492,25
2493,90
2494,5
2495,68
2496,131
2497,27
2498,38
2499,127
2500,3
2500,7
2501,12
2502,3
2503,129
2504,65
2505,103
2506,58
2506,125
2507,45
2508,81
2509,20
2510,1
2511,54
2512,30
2513,17
2514,82
2515,14
2516,16
2517,105
2518,35
2519,81
2520,32
2521,34
2522,105
2523,4
2524,4
2525,2
2526,0
2527,58
2528,16
2529,91
2530,35
2531,35
2532,2
2533,2
2534,48
2535,72
2536,15
2537,20
2538,58
2539,97
2540,4
2541,92
2542,10
2543,10
2544,10
2545,135
2546,4
2547,2
2548,78
2549,109
2550,12
2551,9
2552,96
2553,129
2554,12
2555,49
2556,5
2557,1
2558,5
2559,6
2560,10
2561,6
2562,10
2563,12
2564,14
2565,73
2566,138
2567,5
2568,5
2569,14
2570,12
2571,4
2572,112
2573,108
2574,27
2575,32
2576,80
2577,0
2578,0
2579,40
2580,20
2581,18
2582,9
2582,19
2583,13
2584,89
2585,29
2586,109
2587,36
2588,15
2589,35
2590,14
2591,7
2592,72
2593,72
2594,8
2595,8
2596,100
2596,4
2597,0
2598,119
2599,128
2599,5
2599,12
2600,50
2601,15
2602,36
2603,4
2604,21
2605,19
2606,70
2607,5
2608,22
2609,17
2610,2
2611,105
2612,1
2613,17
2614,7
2615,1
2616,34
2617,97
2618,16
2619,36
2620,105
2620,124
2621,128
2622,46
2623,6
2624,11
2624,20
2625,57
2626,1
2627,7
2628,0
2629,10
2630,30
2631,75
2632,3
2633,47
2634,73
2635,8
2635,137
2636,7
2637,43
2638,10
2639,116
2640,0
2641,12
2642,137
2643,26
2644,10
2645,83
2646,12
2647,5
2648,68
2649,121
2650,60
2650,12
2651,106
2652,27
2653,116
2654,116
2655,120
2656,64
2657,30
2658,42
2659,15
2660,137
2661,22
2662,33
2663,75
2664,80
2665,34
2666,42
2667,128
2668,65
2669,12
2670,71
2671,12
2671,87
2672,92
2673,4
2674,28
2675,108
2676,4
2677,4
2678,4
2679,6
2680,0
2681,8
2682,37
2683,8
2683,83
2684,26
2685,2
2686,34
2687,12
2688,2
2689,14
2690,8
2691,25
2692,112
2693,14
2694,8
2695,108
2696,99
2697,37
2698,30
2698,25
2699,109
2700,13
2701,72
2702,2
2703,8
2704,30
2705,10
2706,10
2707,67
2708,65
2709,12
2709,60
2710,2
2711,2
2712,20
2713,95
2714,5
2715,2
2716,2
2717,13
2718,26
2719,2
2720,6
2721,44
2722,33
2723,55
2724,1
2725,115
2726,30
2727,4
2728,9
2729,25
2730,87
2731,120
2732,17
2733,95
2734,13
2735,8
2736,8
2737,10
2738,49
2739,100
2740,30
2741,12
2742,87
2743,25
2744,102
2745,8
2746,78
2747,76
2748,4
2749,12
2750,29
2751,13
2752,46
2753,25
2754,8
2755,38
2756,80
2757,22
2758,25
2759,74
2760,108
2761,5
2762,106
2763,48
2764,86
2765,17
2766,53
2766,31
2766,51
2767,112
2768,32
2769,106
2769,73
2770,87
2771,6
2772,4
2773,6
2774,90
2775,7
2776,135
2777,129
2778,82
2779,48
2780,44
2781,13
2782,3
2782,45
2783,74
2783,17
2784,129
2785,12
2786,105
2787,118
2788,47
2788,44
2789,26
2790,2
2791,4
2792,6
2793,104
2793,79
2794,52
2795,0
2796,136
2797,4
2798,3
2799,36
2800,9
2800,3
2801,31
2802,9
2803,13
2804,41
2805,65
2806,50
2807,0
2808,7
2809,15
2810,85
2810,9
2811,6
2812,35
2813,129
2814,52
2815,3
2816,4
2817,6
2818,0
2819,48
2820,4
2821,12
2821,8
2822,65
2823,64
2824,6
2825,64
2826,41
2827,4
2828,76
2829,6
2830,53
2831,0
2832,7
2833,17
2834,17
2835,32
2836,58
2837,66
2838,8
2838,67
2839,38
2840,9
2841,125
2842,22
2843,38
2844,22
2845,0
2846,46
2847,131
2848,8
2849,17
2850,17
2851,52
2852,103
2853,33
2854,62
2855,52
2856,91
2857,62
2858,129
2859,121
2860,65
2861,7
2862,7
2863,1
2864,1
2865,58
2866,123
2867,1
2868,5
2869,0
2870,29
2871,2
2872,0
2873,5
2874,28
2875,17
2876,67
2877,16
2878,0
2879,3
2880,0
2881,0
2882,63
2883,0
2884,21
2885,0
2886,4
2887,26
2887,130
2888,18
2888,11
2889,18
2890,38
2891,20
2892,88
2893,12
2894,16
2895,17
2896,97
2897,35
2898,79
2899,15
2900,7
2901,17
2902,7
2903,20
2904,1
2905,21
2906,21
2907,1
2908,122
2909,55
2909,1
2910,139
2911,5
2912,90
2913,47
2913,44
2914,6
2915,17
2916,101
2917,47
2918,10
2918,129
2919,77
2920,21
2921,20
2922,6
2923,82
2923,58
2923,13
2924,72
2925,20
2925,117
2926,7
2927,17
2928,13
2929,9
2930,9
2931,18
2932,1
2933,6
2934,50
2935,72
2936,32
2937,62
2938,51
2939,7
2940,2
2941,17
2942,71
2942,0
2943,47
2944,45
2945,1
2946,40
2946,55
2946,1
2946,17
2947,70
2948,35
2949,52
2950,3
2951,57
2952,92
2953,46
2954,37
2955,2
2956,0
2957,38
2958,27
2959,21
2960,37
2961,22
2962,10
2963,105
2964,13
2965,76
2966,45
2967,15
2968,99
2969,49
2970,10
2971,22
2972,34
2973,7
2974,3
2975,4
2976,129
2977,58
2978,2
2979,55
2980,12
2981,36
2982,6
2983,1
2984,25
2985,84
2986,18
2986,20
2987,40
2988,21
2989,22
2990,77
2991,4
2992,7
2993,17
2993,2
2994,38
2995,4
2996,124
2997,11
2998,12
2999,17
3000,1
3001,1
3002,21
3003,40
3004,29
3004,13
3005,35
3006,12
3007,51
3008,54
3009,4
3010,5
3011,7
3012,9
3012,45
3013,26
3014,82
3015,9
3016,1
3017,62
3018,16
3019,26
3020,7
3021,82
3022,15
3023,17
3024,9
3025,19
3026,17
3027,28
3028,122
3029,6
3030,8
3031,58
3032,32
3033,6
3034,9
3035,6
3036,71
3037,0
3038,103
3039,33
3040,14
3041,25
3042,36
3043,25
3044,14
3045,109
3046,128
3047,49
3048,44
3049,6
3050,12
3051,48
3052,76
3053,4
3054,6
3055,73
3056,17
3056,74
3057,9
3058,17
3059,106
3060,10
3061,22
3062,17
3063,17
3064,27
3065,8
3066,92
3067,31
3068,30
3069,92
3070,132
3071,91
3072,9
3073,54
3074,26
3075,35
3076,16
3077,29
3078,55
3079,130
3080,6
3081,6
3082,75
3083,22
3084,38
3085,26
3086,92
3087,1
3088,54
3089,21
3090,6
3091,22
3092,79
3092,77
3093,18
3093,28
3093,11
3094,28
3095,32
3096,83
3096,135
3097,0
3098,1
3099,32
3100,86
3101,54
3102,21
3103,0
3104,96
3105,19
3106,19
3107,26
3108,125
3109,17
3110,14
3111,103
3112,1
3113,16
3114,19
3115,19
3116,6
3117,2
3118,31
3119,17
3120,96
3121,6
3122,130
3123,21
3124,20
3124,11
3125,25
3126,26
3127,2
3128,17
3129,0
3130,2
3131,81
3132,36
3133,36
3134,95
3135,15
3136,72
3137,17
3138,15
3139,73
3140,40
3141,1
3142,1
3143,40
3143,28
3144,0
3145,26
3146,7
3147,84
3148,47
3149,17
3150,81
3151,6
3152,4
3153,119
3154,41
3155,4
3156,13
3157,4
3158,58
3159,136
3160,14
3161,6
3162,7
3163,83
3164,15
3165,7
3166,44
3167,10
3168,4
3169,10
3170,25
3171,90
3172,37
3173,10
3174,95
3175,17
3176,84
3177,8
3177,60
3178,122
3179,34
3180,44
3181,54
3182,12
3183,47
3184,90
3185,36
3185,90
3186,47
3187,27
3188,65
3189,10
3190,43
3191,10
3192,72
3193,14
3194,121
3194,34
3195,2
3196,13
3197,17
3198,37
3199,14
3200,4
3201,13
3202,14
3202,135
3203,34
3204,134
3205,67
3206,99
3207,30
3208,30
3209,26
3210,12
3211,2
3212,13
3213,43
3214,2
3215,110
3216,4
3217,10
3218,14
3219,16
3220,138
3221,8
3222,10
3223,10
3224,1
3225,12
3226,14
3227,12
3228,8
3229,30
3230,11
3231,17
3232,119
3233,8
3234,41
3235,8
3236,8
3237,25
3238,6
3239,44
3239,4
3240,106
3240,73
3241,5
3242,75
3243,2
3244,2
3245,47
3246,14
3247,14
3248,14
3249,31
3250,22
3251,0
3252,26
3253,3
3254,3
3255,79
3256,17
3257,38
3258,12
3259,140
3260,121
3261,33
3262,66
3263,6
3264,97
3265,36
3266,128
3267,53
3268,8
3268,67
3269,37
3270,21
3271,1
3272,15
3273,0
3274,8
3275,4
3276,27
3277,107
3278,3
3279,1
3280,0
3281,79
3282,50
3283,3
3284,42
3285,4
3286,129
3287,53
3288,19
3289,44
3290,41
3291,2
3292,99
3293,4
3294,36
3295,101
3296,8
3297,7
3297,80
3298,0
3299,3
3299,2
3300,0
3301,11
3302,25
3303,70
3304,7
3305,3
3305,15
3306,137
3307,1
3308,17
3309,7
3310,15
3311,129
3312,4
3313,11
3314,40
3315,109
3316,11
3316,18
3316,20
3317,36
3318,111
3319,50
3320,55
3321,128
3322,59
3322,25
3323,6
3324,65
3325,4
3326,10
3326,129
3327,102
3328,17
3329,12
3330,37
3331,11
3331,20
3332,22
3333,104
3334,55
3335,86
3336,7
3337,45
3337,3
3338,65
3339,7
3340,65
3341,117
3342,79
3343,0
3344,26
3345,83
3345,46
3346,101
3347,36
3348,8
3349,2
3350,49
3351,9
3352,80
3353,79
3354,3
3355,17
3356,8
3357,9
3358,1
3359,130
3360,11
3361,0
3362,11
3363,20
3364,0
3365,0
3365,20
3365,18
3366,103
3367,117
3367,28
3368,55
3369,18
3370,0
3371,1
3372,3
3372,7
3373,140
3374,3
3375,18
3376,3
3377,0
3378,104
3379,40
3380,86
3381,77
3382,37
3383,7
3384,2
3384,25
3385,16
3386,8
3387,70
3388,53
3389,40
3390,17
3391,1
3392,76
3393,70
3394,26
3395,21
3396,0
3397,17
3398,66
3399,22
3400,25
3401,85
3402,5
3403,82
3404,11
3405,9
3406,9
3407,11
3407,20
3407,1
3408,97
3409,63
3410,3
3411,67
3412,20
3413,126
3414,2
3415,7
3415,3
3416,51
3417,2
3418,9
3419,58
3420,17
3421,82
3421,33
3422,9
3422,31
3423,52
3424,6
3425,9
3426,45
3426,85
3427,19
3428,45
3429,2
3430,7
3431,9
3431,31
3432,18
3433,31
3434,9
3435,2
3436,2
3437,17
3438,17
3439,6
3440,70
3441,114
3441,31
3442,36
3443,100
3444,73
3445,4
3446,45
3446,15
3447,92
3448,123
3449,67
3450,1
3451,82
3452,9
3453,86
3454,9
3455,122
3456,86
3457,0
3458,70
3459,78
3460,20
3461,38
3462,35
3463,3
3464,111
3465,10
3465,4
3466,8
3467,1
3468,56
3469,11
3470,53
3471,42
3472,90
3473,4
3474,65
3475,10
3476,27
3477,112
3477,17
3478,11
3479,29
3480,0
3481,1
3482,109
3483,3
3483,15
3483,0
3484,46
3485,97
3486,2
3486,3
3487,131
3488,13
3488,33
3489,2
3490,52
3491,16
3491,1
3492,3
3493,19
3494,20
3494,78
3495,1
3496,12
3497,17
3498,22
3499,17
3500,129
3501,46
3502,35
3503,2
3504,2
3505,7
3505,15
3506,9
3506,17
3507,55
3508,0
3509,18
3510,3
3511,20
3512,44
3512,78
3513,21
3514,88
3515,27
3516,34
3517,14
3518,87
3519,0
3520,55
3521,0
3522,54
3523,26
3524,43
3525,137
3526,101
3527,7
3528,25
3529,10
3530,21
3531,120
3532,4
3533,120
3533,59
3534,3
3535,43
3536,43
3537,120
3538,99
3539,17
3540,14
3541,64
3542,14
3543,42
3544,46
3545,4
3546,8
3547,2
3548,40
3549,92
3550,8
3551,13
3552,26
3553,9
3554,26
3555,37
3556,5
3557,59
3558,35
3559,22
3560,33
3561,102
3562,6
3563,4
3564,8
3565,8
3566,4
3567,4
3567,34
3567,129
3568,8
3569,64
3570,12
3570,14
3571,4
3572,4
3573,5
3574,5
3575,4
3576,34
3577,13
3578,46
3579,37
3580,2
3581,16
3582,13
3583,0
3584,0
3585,1
3586,55
3587,2
3588,14
3589,87
3590,139
3590,10
3591,2
3592,49
3593,26
3594,60
3595,14
3596,25
3597,35
3598,17
3599,102
3600,30
3601,11
3602,11
3602,20
3603,17
3604,64
3605,30
3606,43
3607,43
3608,116
3609,14
3610,2
3611,46
3612,12
3613,54
3614,85
3615,48
3616,19
3617,99
3618,67
3619,6
3619,25
3620,29
3621,92
3622,25
3623,17
3624,92
3625,11
3626,114
3627,36
3628,29
3629,14
3630,29
3631,36
3632,2
3633,109
3634,4
3635,4
3636,3
3636,37
3636,17
3636,1
3637,19
3638,6
3638,78
3639,13
3640,3
3641,1
3642,0
3643,28
3644,18
3645,79
3646,17
3647,11
3648,45
3649,9
3649,17
3650,1
3651,6
3652,3
3652,1
3652,15
3653,28
3653,11
3654,1
3655,86
3656,17
3657,67
3658,79
3659,22
3660,13
3661,31
3662,2
3663,57
3664,19
3665,9
3666,31
3667,96
3668,103
3669,53
3670,0
3671,116
3672,15
3673,79
3674,7
3675,3
3676,9
3677,71
3678,2
3679,29
3680,131
3681,17
3682,122
3683,9
3684,32
3685,66
3686,6
3687,1
3688,17
3689,38
3690,19
3691,0
3692,18
3693,7
3694,11
3695,11
3696,60
3697,13
3698,15
3699,31
3700,139
3701,35
3702,16
3703,3
3704,99
3705,21
3706,6
3707,68
3708,126
3709,92
3710,55
3711,17
3712,22
3713,40
3714,16
3714,18
3715,17
3716,22
3717,1
3718,38
3719,35
3720,15
3720,3
3721,15
3722,25
3723,14
3723,46
3723,68
3724,67
3725,10
3726,6
3727,10
3728,31
3729,7
3730,38
3731,22
3732,4
3733,2
3734,32
3735,97
3736,9
3737,0
3738,89
3739,11
3740,103
3741,55
3742,0
3743,13
3744,1
3744,55
3745,35
3746,103
3747,78
3747,16
3747,2
3748,6
3749,1
3750,31
3751,11
3752,1
3753,20
3754,17
3755,43
3756,56
3757,34
3758,42
3759,17
3760,50
3761,119
3762,5
3763,36
3764,4
3765,14
3766,4
3767,54
3768,45
3769,91
3770,18
3771,15
3772,26
3773,89
3773,26
3773,78
3774,1
3775,16
3775,11
3776,4
3777,18
3777,0
3778,60
3779,4
3780,4
3781,42
3782,17
3782,1
3783,90
3784,3
3785,9
3786,18
3787,3
3788,18
3789,13
3789,33
3790,12
3791,9
3792,19
3793,17
3794,3
3795,19
3796,3
3797,5
3798,94
3799,31
3800,7
3801,0
3802,17
3803,53
3804,3
3804,7
3805,17
3806,106
3806,132
3807,19
3808,4
3809,13
3810,4
3811,22
3812,123
3813,36
3814,2
3815,29
3815,52
3816,85
3816,7
3817,9
3818,21
3819,17
3820,71
3821,25
3822,3
3823,5
3824,5
3825,35
3826,47
3827,4
3828,51
3829,91
3830,55
3831,6
3832,4
3833,20
3834,59
3835,0
3836,28
3837,41
3838,7
3839,0
3840,5
3841,58
3841,33
3842,45
3843,2
3844,55
3845,16
3846,139
3847,19
3848,56
3849,45
3850,128
3851,8
3852,3
3852,31
3853,101
3854,101
3855,4
3856,27
3857,31
3858,131
3859,128
3860,21
3861,30
3862,115
3862,107
3863,33
3864,96
3865,17
3865,9
3866,20
3866,18
3867,16
3868,2
3869,2
3870,9
3871,2
3872,70
3873,17
3874,4
3875,18
3876,21
3877,5
3878,31
3879,4
3880,135
3881,6
3882,4
3883,114
3884,101
3885,81
3886,101
3887,65
3888,140
3889,22
3890,8
3891,5
3892,101
3893,1
3894,0
3895,107
3896,6
3897,2
3898,6
3899,8
3900,2
3901,3
3902,4
3903,2
3904,41
3905,3
3906,37
3907,44
3908,36
3909,12
3910,6
3911,63
3912,16
3913,0
3913,4
3914,90
3915,5
3916,4
3917,8
3918,67
3919,8
3920,8
3920,68
3921,42
3922,14
3923,0
3924,0
3925,106
3926,38
3927,38
3928,12
3929,2
3930,3
3931,27
3932,96
3933,63
3933,29
3933,62
3934,2
3935,33
3936,17
3937,9
3938,29
3939,74
3940,18
3941,53
3942,103
3943,4
3944,67
3945,22
3946,4
3947,26
3948,89
3949,2
3950,2
3951,13
3952,54
3953,137
3954,0
3955,2
3956,2
3957,10
3958,10
3959,27
3960,49
3961,75
3962,4
3963,129
3964,20
3965,130
3966,17
3967,28
3968,125
3969,2
3970,4
3971,83
3972,9
3973,40
3974,34
3975,111
3976,138
3977,82
3978,33
3979,73
3979,17
3980,5
3981,125
3982,1
3983,12
3984,58
3985,1
3986,65
3987,1
3988,73
3989,54
3990,50
3991,115
3992,4
3993,0
3994,108
3995,77
3996,21
3997,17
3998,16
3999,96
3999,21
3999,89
4000,17
4000,18
4001,16
4002,77
4003,81
4004,97
4005,0
4006,15
4007,15
4008,99
4009,44
4010,83
4011,44
4012,3
4013,63
4014,29
4014,13
4015,8
4016,26
4017,110
4018,7
4019,65
4020,8
4021,3
4022,18
4023,5
4024,16
4025,11
4026,18
4026,20
4027,54
4028,22
4029,86
4030,31
4031,89
4032,71
4033,6
4034,100
4035,49
4036,16
4037,18
4038,7
4039,43
4040,0
4041,3
4042,64
4043,34
4044,0
4045,38
4046,85
4047,1
4048,81
4049,49
4050,129
4051,5
4052,25
4053,43
4054,75
4055,10
4056,4
4057,35
4058,13
4059,3
4060,35
4061,89
4061,88
4062,4
4063,132
4064,40
4065,8
4066,51
4067,25
4068,13
4069,74
4070,75
4071,25
4072,27
4073,4
4074,8
4075,8
4076,43
4077,13
4078,26
4079,1
4080,43
4081,2
4082,26
4083,26
4084,13
4085,2
4086,35
4087,2
4088,10
4089,55
4090,11
4091,10
4092,9
4093,43
4094,95
4095,10
4096,37
4097,13
4098,0
4099,25
4100,30
4101,43
4102,10
4103,11
4104,87
4105,8
4106,6
4107,6
4108,28
4109,22
4110,10
4111,6
4112,17
4113,68
4114,5
4115,54
4116,17
4117,96
4118,17
4119,5
4120,37
4121,34
4122,5
4123,27
4124,6
4125,4
4126,41
4127,6
4128,4
4128,84
4129,27
4130,10
4131,8
4132,36
4133,134
4134,5
4135,4
4136,4
4137,41
4138,37
4139,56
4140,121
4141,135
4142,50
4143,106
4144,109
4145,17
4146,136
4147,73
4148,4
4149,5
4150,36
4151,60
4152,60
4153,68
4154,75
4155,75
4156,38
4157,13
4158,29
4159,33
4160,1
4161,38
4162,57
4163,7
4164,68
4165,12
4166,63
4167,17
4168,5
4169,3
4170,128
4171,17
4172,11
4172,1
4173,17
4174,57
4175,12
4175,60
4176,107
4177,3
4178,111
4179,26
4180,16
4181,2
4182,9
4183,106
4183,36
4183,73
4184,15
4185,4
4186,33
4187,64
4188,14
4188,46
4189,127
4189,118
4190,1
4190,11
4191,12
4192,11
4193,16
4194,1
4195,1
4196,6
4197,129
4198,0
4199,129
4200,129
4201,129
4202,115
4203,6
4204,36
4205,5
4206,5
4207,3
4208,10
4209,17
4210,121
4210,129
4211,16
4212,4
4213,3
4214,25
4215,17
4216,25
4217,73
4218,129
4219,4
4220,46
4221,5
4222,12
4223,1
4224,119
4225,44
4226,65
4227,136
4228,89
4228,88
4229,0
4230,21
4231,86
4232,77
4233,0
4234,89
4234,88
4235,81
4236,9
4237,40
4238,4
4239,35
4240,13
4241,13
4242,17
4243,17
4243,19
4244,57
4244,9
4245,1
4246,0
4247,11
4248,2
4249,84
4250,66
4251,3
4252,0
4253,1
4254,9
4255,55
4256,38
4257,63
4258,17
4259,18
4260,17
4261,14
4262,13
4263,37
4264,4
4265,17
4266,77
4267,4
4268,51
4269,58
4269,13
4270,22
4271,8
4272,50
4273,70
4274,91
4275,2
4276,43
4277,129
4278,52
4278,20
4278,46
4279,0
4280,70
4281,63
4282,88
4283,33
4284,5
4285,17
4286,117
4286,17
4287,21
4288,0
4289,20
4289,11
4290,41
4291,125
4292,4
4293,64
4294,1
4295,123
4295,2
4295,10
4295,89
4296,123
4297,126
4298,16
4299,3
4300,1
4301,17
4302,28
4303,11
4304,18
4305,71
4306,17
4307,5
4308,9
4309,7
4309,40
4309,45
4310,1
4311,13
4312,11
4313,18
4314,12
4315,31
4316,2
4317,34
4318,4
4319,30
4320,5
4321,16
4322,17
4323,49
4324,60
4325,17
4326,33
4327,63
4328,17
4328,53
4329,20
4330,11
4331,17
4332,16
4333,70
4334,11
4335,0
4336,0
4337,14
4338,28
4338,40
4339,21
4339,18
4340,1
4341,25
4342,17
4343,62
4343,76
4344,27
4345,51
4346,34
4347,47
4348,49
4349,1
4350,28
4351,0
4352,1
4353,5
4354,97
4355,17
4356,6
4357,84
4358,11
4359,9
4360,25
4361,52
4362,18
4363,7
4364,14
4365,80
4366,1
4366,11
4367,123
4368,129
4368,4
4369,11
4370,79
4371,4
4372,0
4373,28
4374,80
4374,21
4374,26
4374,1
4375,11
4376,21
4377,79
4378,16
4379,43
4380,63
4381,135
4382,15
4382,110
4383,22
4384,22
4385,32
4386,33
4387,66
4388,4
4389,40
4390,64
4391,55
4392,20
4393,119
4394,16
4395,83
4395,114
4395,12
4396,4
4397,82
4398,4
4399,43
4400,10
4401,27
4402,4
4403,4
4404,4
4405,100
4406,81
4407,63
4408,40
4409,34
4410,12
4411,8
4412,129
4413,138
4414,17
4415,18
4416,114
4417,83
4418,15
4419,30
4420,138
4421,89
4422,47
4423,47
4424,106
4424,137
4425,60
4426,12
4427,10
4428,3
4429,3
4430,46
4431,1
4432,44
4432,17
4433,2
4434,35
4434,21
4435,17
4436,63
4437,14
4438,118
4438,127
4439,9
4440,3
4441,9
4442,74
4443,6
4444,103
4445,5
4446,5
4447,10
4448,106
4449,91
4450,129
4450,138
4451,100
4452,4
4452,72
4453,95
4454,50
4455,34
4456,34
4457,17
4458,17
4459,13
4460,122
4461,132
4462,16
4463,26
4464,17
4465,32
4466,25
4467,126
4468,66
4469,91
4470,32
4471,6
4472,41
4473,37
4474,20
4475,40
4476,70
4476,17
4477,7
4478,78
4479,17
4480,2
4481,14
4482,130
4483,1
4484,33
4485,81
4486,0
4487,9
4488,20
4488,17
4489,17
4490,3
4491,29
4492,45
4492,3
4493,26
4494,109
4495,126
4496,129
4497,17
4498,10
4499,10
4500,1
4501,0
4502,19
4503,1
4504,31
4505,0
4506,5
4507,30
4508,91
4509,5
4510,5
4511,6
4512,13
4513,13
4514,46
4515,80
4516,68
4517,12
4518,114
4519,7
4520,44
4521,123
4522,6
4523,30
4524,25
4524,27
4525,67
4526,90
4527,127
4528,64
4529,100
4530,6
4531,6
4532,41
4533,129
4534,106
4535,7
4536,105
4537,5
4538,6
4539,14
4540,4
4540,129
4541,89
4541,88
4542,5
4543,5
4544,50
4545,19
4545,3
4546,0
4547,35
4548,4
4549,2
4550,9
4551,26
4552,82
4553,3
4554,36
4555,9
4556,17
4557,16
4558,102
4559,81
4560,4
4561,5
4562,4
4563,28
4564,6
4565,127
4566,129
4567,18
4568,1
4569,21
4570,114
4571,66
4572,4
4573,129
4574,76
4575,34
4576,17
4577,1
4578,101
4579,6
4580,7
4581,17
4582,77
4583,6
4584,18
4585,48
4586,19
4587,22
4588,30
4589,51
4590,9
4591,3
4591,7
4592,67
4593,14
4594,129
4595,42
4596,4
4597,1
4598,0
4599,22
4600,18
4600,20
4600,11
4601,17
4602,88
4603,0
4604,17
4605,22
4606,22
4607,12
4608,16
4608,40
4609,17
4610,3
4611,0
4612,90
4613,17
4614,5
4615,6
4616,11
4617,21
4618,15
4619,11
4620,12
4621,33
4622,85
4623,18
4624,1
4625,52
4626,7
4627,22
4628,14
4629,19
4630,32
4631,4
4632,58
4633,20
4634,29
4635,2
4636,36
4637,48
4638,0
4639,40
4640,16
4640,18
4641,33
4642,22
4643,13
4644,9
4645,35
4645,21
4646,11
4646,103
4647,18
4648,16
4649,17
4650,0
4651,28
4652,1
4653,5
4654,73
4655,1
4656,6
4657,56
4658,14
4659,20
4660,4
4661,2
4662,95
4663,17
4664,72
4665,18
4666,29
4667,21
4668,11
4669,15
4670,36
4671,3
4672,6
4673,40
4674,15
4675,11
4676,97
4677,44
4678,26
4679,12
4680,85
4681,48
4682,136
4683,77
4684,0
4685,17
4686,7
4687,15
4688,45
4688,85
4688,7
4689,19
4690,15
4691,1
4692,91
4693,100
4694,68
4695,3
4696,0
4697,28
4698,10
4699,13
4700,74
4701,129
4701,95
4702,48
4703,16
4704,21
4705,21
4706,0
4707,0
4708,86
4709,27
4710,12
4711,12
4712,28
4712,18
4713,75
4714,55
4715,96
4716,137
4717,89
4718,10
4719,17
4720,10
4721,68
4722,0
4723,0
4724,38
4725,55
4726,49
4727,38
4728,27
4728,34
4729,4
4730,10
4731,52
4732,77
4733,18
4734,10
4735,116
4736,16
4737,4
4738,12
4739,10
4740,55
4741,5
4742,47
4743,34
4744,4
4745,2
4746,2
4747,6
4748,13
4749,2
4750,2
4751,49
4752,27
4753,2
4754,13
4755,8
4756,50
4757,13
4758,57
4759,0
4760,131
4761,8
4762,48
4763,4
4764,66
4765,8
4766,50
4767,139
4768,27
4769,25
4770,10
4771,59
4772,25
4773,4
4774,12
4774,136
4775,8
4776,5
4777,4
4778,2
4779,4
4780,9
4780,7
4781,14
4782,30
4783,87
4784,16
4785,38
4785,17
4786,11
4787,43
4788,13
4789,2
4790,10
4791,78
4791,26
4792,26
4793,11
4794,123
4795,6
4796,79
4797,1
4798,35
4799,40
4800,28
4801,11
4801,1
4802,43
4803,2
4804,5
4805,83
4806,85
4807,122
4808,2
4809,19
4810,43
4811,139
4812,26
4813,19
4814,2
4815,0
4816,26
4817,13
4818,31
4819,2
4820,40
4821,72
4822,43
4823,2
4824,2
4825,0
4826,138
4826,25
4827,10
4828,8
4829,72
4830,48
4831,11
4832,2
4833,5
4834,4
4835,2
4836,8
4837,8
4838,8
4839,116
4840,8
4841,8
4842,19
4843,6
4844,8
4845,8
4846,8
4847,76
4848,116
4849,7
4850,50
4851,82
4851,62
4852,13
4853,32
4854,89
4855,17
4856,33
4856,58
4857,8
4858,13
4859,0
4860,50
4861,55
4861,38
4862,38
4863,51
4863,31
4864,29
4865,82
4866,50
4867,58
4868,22
4869,19
4870,26
4871,6
4872,53
4873,31
4874,14
4875,33
4876,18
4877,111
4878,18
4879,1
4880,110
4881,50
4882,4
4883,30
4884,134
4884,126
4884,107
4885,101
4886,53
4887,46
4888,42
4889,67
4890,41
4890,36
4891,5
4892,4
4893,46
4894,116
4895,55
4896,7
4897,41
4898,136
4899,5
4900,5
4901,0
4902,137
4903,62
4904,7
4905,7
4906,28
4907,66
4908,20
4908,11
4909,48
4910,35
4911,129
4912,4
4913,88
4914,2
4915,36
4916,15
4917,3
4918,31
4919,1
4920,12
4921,58
4922,13
4923,58
4923,13
4924,75
4925,17
4925,38
4926,15
4927,1
4928,20
4928,11
4929,18
4930,52
4931,19
4932,6
4933,26
4934,17
4935,20
4936,38
4937,7
4938,0
4939,32
4940,0
4941,3
4942,130
4943,110
4944,15
4945,17
4946,19
4947,22
4948,7
4948,9
4949,31
4950,5
4951,6
4952,3
4953,34
4954,42
4955,71
4956,5
4957,32
4958,79
4959,3
4960,0
4961,33
4961,29
4961,125
4962,20
4963,63
4964,1
4965,0
4966,36
4967,41
4968,17
4969,17
4970,18
4971,41
4972,79
4973,13
4974,2
4975,3
4976,62
4977,19
4978,57
4979,66
4980,54
4980,21
4981,87
4982,17
4983,53
4984,36
4985,18
4986,32
4987,107
4987,126
4988,41
4989,3
4990,71
4991,37
4992,8
4993,100
4994,0
4995,79
4996,92
4997,37
4997,17
4998,9
4999,1
5000,9
5001,17
5002,13
5003,53
5003,119
5004,3
5005,3
5006,50
5007,5
5008,49
5009,1
5010,78
5011,3
5012,17
5013,31
5013,17
5013,45
5014,44
5015,2
5016,129
5017,104
5018,21
5019,11
5020,26
5021,1
5022,11
5023,17
5024,52
5025,13
5026,42
5027,37
5028,5
5029,35
5030,31
5030,45
5030,70
5031,5
5032,0
5033,3
5034,19
5035,4
5036,90
5037,13
5038,11
5039,1
5040,47
5041,88
5042,107
5043,80
5043,28
5043,2
5043,21
5044,16
5045,9
5046,17
5047,13
5048,92
5049,35
5050,22
5051,18
5052,18
5053,77
5054,13
5054,58
5055,26
5056,17
5057,35
5057,17
5058,17
5059,28
5060,5
5061,11
5062,47
5063,80
5064,136
5064,14
5065,26
5066,35
5067,20
5068,11
5068,20
5069,20
5070,42
5071,1
5072,9
5073,27
5074,3
5075,71
5076,1
5077,77
5078,35
5078,6
5079,9
5080,17
5081,115
5082,1
5083,86
5084,66
5085,32
5086,78
5087,126
5088,4
5088,129
5089,81
5090,99
5091,37
5092,12
5093,81
5094,29
5095,64
5096,36
5097,13
5098,12
5099,73
5100,108
5101,19
5102,17
5103,91
5104,0
5105,12
5106,10
5107,19
5108,13
5109,48
5110,14
5111,46
5112,14
5113,8
5114,21
5115,48
5116,48
5117,48
5118,48
5119,25
5120,34
5121,122
5122,140
5123,33
5124,17
5125,17
5125,15
5126,104
5127,54
5128,17
5129,49
5129,10
5130,6
5131,26
5132,78
5133,18
5134,108
5135,10
5136,4
5137,87
5137,5
5138,26
5139,102
5140,92
5141,127
5141,118
5142,42
5143,120
5144,16
5145,139
5145,95
5146,10
5147,33
5148,6
5149,65
5150,4
5151,4
5152,104
5153,0
5154,0
5155,104
5156,124
5156,37
5156,4
5157,26
5158,116
5159,0
5160,36
5161,108
5162,36
5163,27
5164,9
5165,4
5166,91
5166,13
5167,41
5168,135
5169,50
5170,0
5171,9
5172,17
5173,11
5173,20
5174,3
5175,7
5176,0
5177,71
5178,11
5179,120
5180,96
5181,20
5182,81
5183,6
5184,127
5185,17
5186,2
5187,17
5188,6
5189,15
5190,46
5191,134
5192,0
5193,91
5194,140
5195,16
5196,1
5197,40
5198,4
5199,35
5200,37
5201,6
5202,13
5203,5
5204,0
5205,41
5206,36
5207,38
5208,29
5209,32
5210,60
5211,117
5212,43
5213,11
5213,63
5214,55
5215,4
5216,20
5217,16
5217,117
5218,44
5219,37
5220,32
5221,64
5222,17
5223,58
5224,4
5225,25
5226,100
5227,10
5228,76
5229,4
5230,48
5231,3
5232,6
5233,4
5234,27
5235,48
5236,25
5237,34
5238,13
5239,4
5240,101
5241,14
5241,8
5242,6
5243,7
5244,7
5245,20
5246,17
5247,5
5248,16
5249,36
5250,15
5251,15
5251,110
5252,15
5253,13
5253,62
5254,52
5255,15
5256,3
5257,1
5258,15
5259,9
5260,15
5261,3
5262,6
5263,30
5264,14
5265,70
5266,0
5267,29
5268,14
5269,3
5270,3
5271,51
5272,33
5273,3
5274,29
5275,3
5276,110
5277,7
5278,11
5279,1
5280,131
5281,17
5282,0
5283,3
5284,6
5285,55
5286,22
5287,4
5288,15
5289,17
5290,94
5291,26
5292,35
5293,41
5294,4
5295,55
5296,88
5297,5
5298,58
5299,1
5300,21
5301,0
5302,35
5303,1
5304,15
5305,22
5306,53
5307,0
5308,73
5309,6
5310,17
5311,129
5312,31
5313,6
5314,37
5315,36
5316,9
5317,27
5318,90
5319,8
5320,19
5321,3
5322,50
5323,4
5324,17
5325,105
5326,10
5327,106
5328,10
5329,10
5330,5
5331,2
5332,19
5333,2
5334,6
5335,2
5336,1
5337,71
5338,9
5339,29
5340,55
5341,12
5342,5
5343,99
5344,8
5345,8
5346,102
5347,36
5348,81
5349,52
5350,3
5351,3
5351,7
5351,2
5352,5
5353,17
5354,16
5355,115
5356,32
5357,6
5358,7
5359,45
5360,3
5361,0
5362,9
5363,21
5364,4
5365,2
5366,12
5367,35
5368,0
5369,21
5370,17
5371,12
5372,109
5373,37
5374,52
5375,22
5376,37
5377,17
5378,15
5379,15
5380,55
5381,124
5382,29
5383,17
5384,27
5385,45
5385,7
5386,7
5387,19
5388,21
5389,17
5390,5
5391,38
5392,35
5393,16
5394,17
5395,44
5396,88
5397,30
5398,5
5399,16
5400,16
5401,86
5402,2
5403,12
5404,60
5405,17
5406,0
5407,54
5408,17
5409,1
5410,75
5411,1
5412,9
5413,6
5414,35
5415,6
5416,22
5417,62
5417,125
5418,20
5419,57
5420,52
5421,57
5422,17
5423,13
5424,3
5425,29
5426,17
5427,29
5428,13
5429,57
5430,13
5431,53
5432,18
5433,11
5434,77
5435,96
5436,33
5437,37
5438,50
5439,8
5440,14
5441,19
5442,32
5442,134
5443,17
5444,87
5445,66
5446,20
5447,36
5448,129
5449,129
5450,6
5451,50
5452,91
5453,44
5454,2
5455,4
5456,37
5457,6
5458,22
5459,26
5460,4
5461,32
5462,6
5463,4
5463,129
5464,124
5465,36
5466,137
5467,101
5468,3
5469,7
5470,28
5471,14
5472,57
5473,14
5474,13
5474,52
5475,33
5476,45
5477,27
5478,3
5479,2
5480,94
5481,55
5482,58
5483,9
5483,15
5484,7
5484,31
5485,5
5486,1
5487,31
5488,1
5489,45
5490,0
5491,40
5492,0
5493,50
5494,16
5495,128
5496,114
5497,0
5498,14
5499,96
5500,2
5501,19
5502,17
5503,67
5504,67
5505,99
5506,68
5507,2
5508,12
5508,118
5508,127
5509,4
5510,60
5511,90
5512,136
5513,9
5514,40
5515,66
5516,5
5517,43
5518,31
5519,28
5520,6
5521,80
5522,50
5523,114
5523,119
5524,1
5525,19
5526,36
5527,17
5528,129
5529,72
5530,75
5531,67
5532,121
5533,4
5534,4
5535,4
5536,34
5537,139
5537,121
5537,95
5538,129
5539,126
5540,29
5541,123
5542,19
5543,19
5544,18
5545,17
5546,1
5547,1
5548,17
5549,13
5550,53
5551,104
5552,131
5553,15
5553,110
5554,31
5555,51
5556,26
5557,3
5557,45
5558,12
5559,10
5560,12
5561,3
5562,19
5563,15
5564,1
5565,7
5566,16
5567,5
5568,5
5569,14
5570,107
5571,127
5571,118
5571,102
5572,6
5573,17
5574,0
5575,35
5576,19
5577,36
5578,20
5578,11
5579,17
5580,3
5581,28
5582,14
5583,41
5584,2
5585,21
5586,8
5587,40
5588,11
5589,1
5590,11
5591,86
5592,13
5593,115
5594,4
5595,38
5596,30
5597,12
5598,129
5599,41
5600,132
5601,4
5602,10
5603,100
5604,12
5605,131
5606,47
5607,1
5608,4
5609,64
5610,12
5611,50
5612,73
5613,81
5614,10
5615,83
5616,17
5617,56
5618,36
5619,12
5620,14
5621,92
5622,83
5623,67
5624,44
5625,105
5626,68
5626,59
5627,114
5628,12
5629,5
5630,5
5631,47
5632,6
5633,5
5634,108
5635,6
5636,102
5637,81
5638,8
5639,99
5640,41
5641,12
5642,60
5643,75
5644,30
5645,36
5646,57
5647,0
5648,25
5649,64
5650,6
5651,4
5652,30
5653,139
5654,41
5655,12
5656,27
5657,99
5657,64
5657,12
5658,17
5659,74
5660,6
5661,5
5662,17
5663,6
5663,112
5664,8
5665,46
5666,136
5667,14
5668,68
5669,83
5670,14
5671,5
5672,5
5673,5
5674,81
5675,17
5676,30
5677,50
5678,46
5679,76
5680,48
5681,105
5682,47
5683,17
5684,115
5685,129
5686,129
5686,10
5686,4
5687,129
5688,8
5689,19
5690,26
5691,27
5692,41
5693,41
5694,128
5695,48
5696,129
5697,1
5698,14
5699,17
5700,18
5701,0
5702,6
5703,3
5704,1
5705,28
5706,106
5707,18
5708,78
5709,126
5710,134
5711,16
5712,32
5713,66
5714,32
5715,71
5716,29
5717,14
5718,10
5719,4
5720,74
5721,8
5721,94
5721,106
5722,5
5722,87
5723,4
5724,17
5725,50
5726,126
5727,29
5728,29
5729,115
5730,97
5731,120
5731,119
5732,119
5733,106
5734,31
5735,5
5736,8
5736,14
5737,9
5738,44
5739,17
5740,15
5741,5
5742,65
5743,12
5744,12
5745,3
5746,127
5747,20
5748,34
5749,108
5750,47
5751,17
5752,48
5753,17
5754,9
5755,22
5756,0
5757,28
5758,3
5759,33
5760,0
5761,0
5762,66
5763,20
5763,111
5764,26
5765,76
5766,3
5767,18
5768,134
5769,32
5770,17
5770,11
5770,16
5770,38
5771,9
5771,2
5771,7
5772,19
5773,29
5774,13
5774,33
5775,7
5776,7
5777,3
5778,15
5779,33
5780,13
5781,30
5782,3
5783,2
5784,2
5785,70
5786,0
5787,19
5788,45
5788,3
5789,6
5790,22
5791,30
5792,27
5793,97
5794,1
5795,2
5796,3
5797,2
5797,31
5798,32
5799,52
5800,117
5801,115
5802,8
5803,46
5804,110
5805,73
5806,45
5807,68
5808,72
5809,97
5810,21
5811,1
5812,4
5813,64
5814,125
5814,29
5815,12
5816,47
5817,32
5818,33
5819,37
5820,104
5821,37
5822,40
5823,1
5824,1
5825,11
5826,13
5827,58
5827,82
5828,0
5829,22
5830,26
5831,33
5832,21
5833,1
5834,6
5835,5
5836,12
5837,18
5838,15
5838,7
5839,6
5840,129
5841,4
5842,4
5843,4
5844,9
5845,19
5846,25
5847,95
5847,25
5848,18
5849,2
5849,3
5850,37
5850,7
5851,75
5852,13
5853,1
5854,106
5855,0
5856,6
5857,6
5858,19
5859,0
5860,14
5861,35
5862,1
5863,18
5864,5
5864,137
5865,1
5866,6
5867,40
5868,68
5869,54
5870,1
5871,9
5872,20
5873,110
5873,7
5873,15
5874,4
5875,4
5876,2
5877,16
5878,41
5879,17
5880,26
5880,123
5881,3
5882,51
5883,1
5884,123
5885,3
5886,9
5887,2
5888,35
5889,6
5890,0
5891,19
5892,21
5893,18
5893,20
5894,9
5895,18
5896,80
5897,80
5898,17
5899,1
5900,4
5901,57
5902,35
5903,6
5904,13
5905,104
5906,41
5907,63
5908,107
5909,50
5910,13
5911,1
5912,1
5913,9
5914,91
5915,82
5916,4
5917,6
5918,25
5919,53
5920,103
5921,1
5922,40
5923,0
5924,92
5925,91
5926,3
5927,4
5928,83
5929,47
5930,9
5931,67
5931,42
5932,73
5932,74
5932,37
5933,88
5934,8
5935,0
5936,51
5937,2
5938,18
5939,63
5940,47
5941,58
5942,81
5943,27
5944,64
5945,7
5946,9
5947,0
5948,3
5949,17
5950,6
5951,42
5952,21
5953,21
5954,21
5955,41
5956,36
5957,1
5958,86
5959,7
5960,5
5961,2
5962,47
5963,19
5964,25
5965,22
5966,57
5967,57
5968,6
5969,16
5970,17
5971,48
5972,17
5973,17
5974,38
5975,16
5976,22
5977,22
5977,1
5978,0
5979,79
5980,15
5981,92
5982,50
5983,17
5984,62
5984,82
5985,32
5986,17
5987,124
5988,0
5989,62
5990,6
5991,124
5992,115
5993,62
5994,120
5995,120
5996,12
5997,15
5998,2
5999,14
6000,4
6001,32
6002,114
6003,50
6004,0
6005,131
6006,55
6006,21
6007,17
6008,7
6009,26
6010,25
6011,3
6012,106
6013,17
6014,60
6015,19
6016,41
6017,51
6018,14
6019,12
6020,109
6021,136
6022,12
6023,12
6024,12
6025,12
6026,109
6027,5
6028,14
6029,132
6030,5
6031,42
6032,8
6033,44
6034,46
6035,8
6036,10
6037,43
6038,102
6039,14
6040,81
6041,100
6042,83
6043,121
6044,5
6045,102
6045,87
6046,75
6047,17
6047,27
6048,14
6049,42
6050,8
6051,36
6052,8
6053,8
6054,42
6055,8
6056,129
6056,4
6057,78
6058,14
6059,135
6060,4
6061,49
6062,94
6063,14
6064,77
6065,87
6066,8
6067,30
6068,44
6069,10
6070,10
6071,43
6072,14
6073,10
6074,94
6075,10
6076,50
6077,27
6078,73
6079,134
6079,107
6080,1
6081,1
6082,13
6083,32
6084,3
6085,96
6086,0
6087,1
6088,15
6089,82
6090,14
6091,126
6092,25
6093,32
6094,44
6095,7
6096,37
6097,16
6098,3
6098,110
6099,25
6100,38
6101,55
6102,79
6103,71
6104,41
6105,63
6106,1
6107,0
6108,104
6109,122
6110,7
6111,92
6112,55
6113,32
6114,19
6115,5
6116,3
6116,15
6117,36
6118,19
6119,21
6120,74
6121,73
6122,17
6123,26
6124,15
6125,85
6126,4
6127,6
6128,47
6129,1
6130,10
6131,4
6132,100
6133,6
6134,70
6135,73
6136,45
6137,132
6138,14
6139,90
6140,7
6141,0
6142,31
6143,5
6144,45
6144,3
6145,5
6146,20
6147,16
6148,34
6149,6
6150,2
6151,29
6152,31
6153,62
6153,82
6154,102
6155,9
6155,45
6156,51
6157,13
6158,4
6159,13
6160,6
6161,2
6161,3
6162,58
6163,9
6164,8
6165,42
6166,13
6167,90
6168,101
6169,3
6170,0
6171,72
6172,52
6173,83
6174,14
6175,22
6176,26
6177,4
6178,4
6179,4
6180,18
6181,20
6182,123
6183,43
6184,106
6185,5
6186,126
6187,4
6188,55
6188,117
6189,36
6190,16
6191,13
6191,33
6192,18
6193,2
6194,99
6195,29
6196,12
6197,110
6198,29
6199,55
6200,44
6200,47
6201,38
6202,41
6203,8
6204,12
6205,117
6206,1
6207,1
6208,42
6209,85
6209,15
6210,16
6211,114
6212,84
6213,81
6214,71
6215,3
6216,10
6217,21
6218,13
6219,78
6220,118
6220,83
6220,42
6221,17
6222,4
6222,129
6223,35
6224,0
6225,60
6226,41
6227,52
6228,102
6229,87
6230,34
6231,13
6232,111
6233,40
6233,55
6234,27
6235,43
6236,30
6237,43
6238,94
6239,10
6240,127
6241,87
6242,0
6243,65
6244,101
6245,42
6246,12
6247,12
6248,105
6249,116
6250,25
6250,68
6251,27
6252,4
6253,75
6254,6
6255,43
6256,68
6257,92
6258,118
6259,118
6259,42
6260,20
6261,25
6262,64
6263,8
6264,27
6265,13
6266,0
6267,137
6268,2
6269,4
6270,49
6270,48
6271,6
6272,127
6272,8
6273,5
6274,8
6275,25
6276,43
6277,30
6278,0
6279,43
6280,33
6281,1
6282,43
6283,30
6284,11
6285,11
6286,20
6287,40
6288,1
6289,5
6290,2
6291,10
6292,43
6293,27
6294,28
6295,30
6296,43
6297,28
6298,0
6299,0
6300,114
6301,49
6302,84
6303,108
6303,8
6304,90
6305,8
6306,82
6307,4
6308,6
6309,95
6310,8
6311,55
6312,9
6313,45
6314,15
6315,29
6316,9
6317,11
6318,52
6318,63
6318,13
6319,13
6320,33
6321,17
6322,2
6323,5
6324,3
6325,17
6326,55
6327,9
6328,1
6329,3
6330,73
6331,1
6332,25
6333,10
6334,12
6335,64
6336,30
6337,52
6338,2
6339,0
6340,51
6341,67
6342,106
6343,14
6344,7
6345,114
6346,52
6347,30
6348,0
6349,15
6350,101
6350,29
6351,33
6352,0
6353,14
6354,67
6355,106
6355,73
6356,35
6357,16
6358,124
6359,22
6360,36
6361,30
6362,36
6363,67
6364,17
6365,10
6366,5
6367,13
6368,129
6369,64
6370,12
6371,87
6372,30
6373,5
6374,106
6375,5
6376,5
6377,14
6378,119
6379,37
6380,4
6380,129
6381,4
6382,4
6383,12
6384,6
6385,4
6386,17
6387,37
6388,5
6389,31
6390,129
6390,4
6391,81
6392,137
6393,50
6394,4
6395,94
6396,132
6397,51
6398,12
6399,70
6400,112
6401,20
6401,11
6402,2
6403,21
6404,3
6405,44
6406,29
6407,17
6408,6
6409,6
6410,3
6411,27
6412,34
6413,76
6414,34
6415,6
6416,94
6417,27
6418,62
6419,17
6420,76
6421,14
6422,5
6423,0
6424,99
6425,106
6426,10
6427,5
6428,40
6428,11
6429,35
6430,34
6431,20
6431,28
6432,95
6433,22
6434,4
6435,9
6436,18
6437,21
6438,5
6439,0
6440,77
6441,75
6442,40
6443,3
6444,25
6445,11
6445,20
6446,7
6447,22
6448,13
6449,12
6450,6
6451,14
6452,48
6453,6
6454,17
6455,18
6456,45
6457,46
6458,6
6459,27
6460,41
6461,4
6462,50
6463,72
6464,8
6465,36
6466,129
6467,34
6467,138
6468,44
6469,65
6469,129
6470,25
6471,84
6472,4
6472,10
6473,47
6474,4
6475,67
6476,25
6477,22
6478,13
6479,75
6480,42
6480,11
6481,1
6482,55
6483,17
6483,16
6484,20
6485,20
6486,129
6487,16
6488,1
6489,1
6490,0
6491,0
6492,117
6493,129
6494,35
6495,10
6496,26
6497,101
6498,2
6498,9
6499,122
6500,17
6500,55
6500,28
6500,117
6501,2
6502,56
6503,4
6504,7
6505,73
6506,96
6507,9
6508,12
6509,19
6510,19
6511,14
6512,17
6513,60
6514,17
6515,28
6516,16
6517,3
6518,34
6519,72
6520,5
6521,1
6522,0
6523,1
6524,2
6525,75
6526,9
6527,124
6528,55
6529,17
6530,3
6531,53
6532,129
6533,92
6534,76
6535,11
6536,50
6536,96
6537,55
6538,111
6539,11
6539,1
6540,20
6541,11
6542,38
6543,3
6544,45
6544,7
6545,40
6546,20
6547,17
6548,33
6549,3
6550,0
6551,22
6551,106
6552,12
6553,27
6554,36
6555,15
6556,17
6557,121
6558,6
6559,28
6560,117
6561,123
6562,20
6563,6
6564,0
6565,80
6566,71
6567,16
6568,35
6569,66
6570,71
6571,16
6572,2
6573,18
6574,0
6575,18
6576,26
6577,55
6578,1
6579,108
6580,88
6581,17
6582,123
6583,66
6584,33
6585,2
6586,82
6587,11
6588,70
6588,31
6589,38
6590,110
6590,2
6591,53
6592,15
6593,70
6594,47
6595,36
6596,4
6597,42
6598,67
6599,129
6600,124
6601,21
6602,59
6603,12
6604,106
6605,2
6606,12
6607,6
6608,19
6609,11
6610,19
6611,9
6612,15
6613,15
6614,42
6615,129
6615,100
6616,33
6617,4
6618,33
6619,27
6620,26
6620,17
6621,18
6621,20
6621,16
6621,28
6622,17
6623,0
6624,1
6625,66
6625,11
6626,0
6627,0
6628,1
6629,17
6630,16
6631,1
6632,17
6633,29
6634,1
6635,130
6636,17
6637,21
6638,1
6639,112
6640,47
6641,17
6642,33
6643,7
6644,0
6645,6
6646,73
6647,78
6647,20
6648,92
6649,16
6650,20
6650,11
6651,84
6652,22
6653,19
6654,63
6655,15
6656,71
6657,35
6658,60
6659,30
6660,46
6661,4
6662,16
6663,120
6663,135
6664,99
6665,42
6666,30
6667,2
6668,16
6669,51
6670,34
6671,51
6672,66
6673,12
6674,101
6675,17
6675,54
6675,55
6676,18
6677,52
6678,3
6679,36
6680,9
6681,54
6682,7
6683,52
6684,22
6685,5
6686,21
6687,63
6688,16
6689,11
6690,17
6690,18
6691,17
6692,40
6693,111
6694,131
6695,57
6696,103
6697,6
6698,71
6699,55
6700,52
6701,7
6702,46
6703,80
6704,110
6705,38
6706,57
6707,17
6708,10
6709,1
6710,60
6711,26
6712,47
6713,17
6714,47
6715,25
6716,30
6717,79
6718,3
6719,47
6720,45
6721,10
6722,47
6723,47
6724,31
6725,41
6726,129
6727,19
6728,2
6729,129
6730,48
6731,6
6732,84
6733,91
6734,6
6735,132
6736,8
6737,17
6738,115
6739,4
6740,6
6741,122
6742,63
6743,102
6744,19
6745,110
6746,17
6747,26
6748,124
6749,18
6750,36
6751,0
6752,65
6753,37
6754,6
6755,97
6756,6
6757,6
6758,21
6759,2
6760,2
6761,17
6762,21
6763,57
6764,17
6765,6
6766,19
6767,110
6768,122
6769,50
6770,12
6771,41
6772,48
6773,17
6774,17
6775,1
6776,36
6777,97
6778,17
6779,17
6780,51
6781,1
6782,17
6783,8
6784,6
6785,3
6786,6
6787,12
6788,19
6789,4